A_res,1_A,2_L,3_W,4_G,5_F,6_F,7_P,8_V,9_L
7_Y,9.213879584626662,7.816777980728376,9.786699034914683,13.089224575963238,14.321042734382155,13.892331481792391,15.26511657341666,16.69100116829425,17.640073979436707
9_F,14.057589729395293,11.428734838117473,12.637440484528502,14.820070107796388,15.069423114373024,12.980933171386408,13.803763472328844,13.69635973534574,14.085976359486056
24_A,12.418880344056785,10.453964702446626,12.769535700251591,14.64766513817134,15.909112954530178,14.333910282961869,16.164414681639418,16.45020346378731,17.550238232001295
45_M,11.051079856737982,10.723471499472549,13.877392730624871,14.36978284456658,17.155735542377656,16.83061582355203,20.03038159896112,21.118349059526413,23.41538257214688
59_Y,8.440273751484606,10.392896323932035,12.910191090762368,12.69368795898182,16.48358950592983,18.233872874406032,21.849040299290035,24.3122503688984,27.29859758302613
62_G,8.899049443620369,8.825349058252598,10.43075117141618,9.06145264292652,12.581532378847978,14.003070306186428,17.776919980694068,20.06363207397903,23.29865502555888
63_E,6.909760053721112,6.484508693802486,9.09659689114561,8.97611881605853,12.346534331544216,13.154643324697176,16.730054781739355,18.763755727465647,21.628558597373058
66_K,9.386828324839014,6.807143674111781,7.390337272411863,5.966228373101385,8.386606703548223,8.545955476130214,12.258508922377144,14.15493627679051,17.316251008806727
67_V,10.090973788490384,7.3977813565960435,8.927171724572121,8.847500042384853,10.686049503909288,9.738098017580228,12.93770709979168,14.078082717472574,16.69602644343857
69_A,13.940048816270334,10.68578663459083,10.324076036139989,8.700373440261055,8.94863570607274,7.004633466499156,10.110717580864376,10.776073218014064,13.928283383102167
70_H,12.951165932069587,9.379048245957584,9.18712076768342,8.991490087855293,8.930337115697254,6.411107080684269,8.859106839856938,9.349049684326207,11.9093801685898
73_T,17.752331846830714,14.041099850082972,12.94742959046312,12.172396436199405,10.587148152359063,6.927491970403139,7.607938682718203,6.143295776698368,8.585018404173635
74_H,18.38479004503451,14.761411382384816,14.215597701116897,14.38032725635964,13.048018891770504,9.434473912200932,9.475730051030368,7.458639286089655,8.3292682751848
76_V,22.84670184074717,19.149995404699187,18.109546487971475,17.398915081119284,15.462113600669216,11.690295376935518,11.09462599640024,7.949648923065722,8.56890926547831
77_D,22.27530897653273,18.54564150952994,17.351863559860075,17.345972126116198,15.144585501095762,11.353800993499927,9.88020591890675,6.444684398789439,5.663110894199407
80_T,26.86249122847693,23.09566171383708,21.539063953663355,21.300468492500343,18.615347995672817,14.92801024919262,12.688237939130868,8.861427988761179,6.874683992737412
81_L,27.28087866986692,23.62293457638149,22.286014852368737,22.67941604186493,20.123190825512737,16.508955448483103,14.07015309085157,10.479791982668358,7.4915850125323935
84_Y,31.19201072390172,27.509723880838937,25.76187706670459,26.009231399639628,23.03748512750469,19.62774225426857,16.641818830885043,13.13996613389852,9.862624093008918
95_V,21.39029672538462,18.187268981350663,18.069117991755988,19.550434291851424,18.250672097213297,15.01891856959082,13.967541838133153,11.827385383084463,10.202103361562262
97_R,15.73062328707925,12.814212500189,12.741707656354386,15.171764234920078,14.378761386155622,12.209258454140446,11.71257367105966,11.5456593575248,11.06491491155716
99_Y,11.363756465183508,9.335293139478802,9.138600877596089,12.629263240585336,12.6101668109506,12.33627285690455,12.556005813952144,14.332755980620057,14.862918623204529
114_H,14.74557496335765,12.365501930774988,10.966239008885408,13.931840223028686,12.75948231708481,12.230143498749309,11.200976207456204,12.816546336669637,12.721203795238877
116_Y,19.205369691833585,16.23027559839943,15.378548371026442,17.64563487098155,16.02982080373951,13.737651618817534,11.98725247919639,11.3040644902619,9.562662495351386
118_Y,24.66828467891515,21.539568519355257,21.02758792634096,22.744250482264743,20.99431230119244,17.89610633629561,15.984012074570012,13.693306759143317,10.923662481054604
143_T,24.87138397837965,21.350322105298552,18.75243690830608,19.139564937584133,15.738604607778925,13.26891133439364,9.522708963315008,7.735963676233233,5.073252014240964
147_W,22.078113008135457,18.837184317195604,15.551074207269414,15.556205546340664,11.907406182708309,10.799710227594073,7.288648914579437,8.18684035510648,8.350090598310896
150_A,22.223946566710424,19.253125356679107,15.603054893193192,14.631914365523055,10.967029725499971,11.075385952642916,8.705273229485678,10.660257689193072,12.212007124138111
152_V,18.20959255447524,15.415021699627932,11.855064993495397,12.100127685276714,8.864740210519425,9.413387275577268,7.31647469755756,10.226020046919524,11.597785047154478
156_L,13.516719498458194,11.451576790992585,8.23071448903435,9.89288011652825,8.352581038218068,10.159399244049816,9.858423251210104,13.28921897629804,14.882323911271383
158_A,13.254095367093148,12.556694827859758,9.79869802575832,11.106089365748865,10.888879005664451,13.886650460064155,14.46635755814158,18.15517141202473,20.10822167671721
159_Y,9.710817370335,8.91426099012139,6.53065241763792,8.718386375929896,9.276140576770064,12.042603165428975,13.212969272650264,16.795627317846748,18.85091777606597
163_T,7.328339238872612,8.527700569321134,7.9395543325806415,10.043569335649554,12.131219641899165,15.082453679690188,17.042708147474684,20.54260784321212,22.808963742353576
167_W,6.160627646595758,9.45657623032776,11.13544889081711,13.535757311654192,16.429235253048144,18.819873857175555,21.18772111389047,24.28765583583562,26.420313132133767
171_Y,9.595134860959488,13.115678022885437,15.839981123726126,18.366458722355816,21.45242557381333,23.288746295152947,25.741846204186675,28.41577199373616,30.28461480686192
