A_res,1_L,2_L,3_F,4_G,5_K,6_P,7_V,8_Y,9_V
7_Y,9.206144741421348,7.778556485621223,9.56913355534345,12.936350374042906,14.357844301983496,12.975810494917072,16.138806957145253,17.734614571509585,18.24937853736395
9_F,13.910890625693233,11.178966589090429,12.250486276062675,14.46109214409479,14.73764153451969,11.912309054083511,14.135938419503669,14.313217003874424,14.653730446545
24_A,12.384531561589244,10.36522763860014,12.621057641893575,14.592178658445777,15.813741619237373,13.6377219871942,16.416923859237457,16.997613979614904,18.06169388512605
45_M,11.035159899158684,10.732954579238656,13.98162229499853,14.632110374105304,17.23854802470324,16.656233217627566,19.919478733139577,21.34535221072728,23.63704300457229
59_Y,8.36647123941749,10.33759058001428,13.049320710289868,12.895217136597584,16.573594510545984,18.06759557882564,21.63000328247779,24.37296662287953,27.11050536231296
62_G,9.031630971203374,8.960441506979443,10.813247800730364,9.57563940423824,12.821794882152812,14.184705037469056,17.4466393612065,20.03682532239077,23.08959536241378
63_E,7.0229431152473385,6.60193289878048,9.37076976560624,9.34996545448164,12.52443811114894,13.074630816967645,16.60353128102573,18.94019358401598,21.60328206546404
66_K,9.506596499273543,6.965300496030308,7.823892829020605,6.640859055875234,8.734847165234205,8.855476836399044,12.033236223061524,14.251823111447882,17.22045948864315
67_V,10.284548555964912,7.60402215935751,9.228967927130316,9.309434515586869,10.898680699974651,9.749170733965018,12.811497102212526,14.267558305470493,16.774263650008606
69_A,13.776167282666105,10.52743933727476,10.22662187626002,8.704583677580455,8.675277228999658,7.326894430793993,9.286184900162176,10.525843719151448,13.755372950232935
70_H,13.040969480832318,9.440847154784365,9.217605491666475,9.083310244618977,8.808223146582968,6.230222949461762,8.521388971288655,9.433804004748032,11.88886239301305
73_T,17.77993633284439,14.019040409386092,12.788240144757998,12.107741325284422,10.179882022892016,6.867295027883983,6.484234187627708,5.353550877688564,8.002086852815335
74_H,18.68146257657574,15.004417149626306,14.318043930649184,14.507467180731448,12.932107562187994,9.28129091236774,9.196317143291646,7.409043865439043,8.435181681505146
76_V,22.97231135519453,19.233536206324622,18.04395220011403,17.28299097378692,15.019950033205832,11.765048151197682,10.08708550573454,6.981255904205194,8.35394858734479
77_D,22.526316387727487,18.737935158389256,17.36120819528411,17.27528008456014,14.837223931719842,11.210830700710812,9.46716499275258,6.104355903778871,5.787700234117178
80_T,27.104200855218,23.286094004791792,21.59584233133776,21.232315559071747,18.36372658258665,15.009976582260212,12.380673527720528,8.518991665684377,7.235480495447416
81_L,27.458258211328697,23.717810902357748,22.16564806180952,22.43186091255026,19.70469471978696,16.13350727523312,13.879234885252131,10.287304554644033,7.810308444613439
84_Y,31.446198387086472,27.68578272326792,25.739993570317765,25.83044461483387,22.72859813098907,19.45104850644304,16.616899590477153,13.040593007988548,10.175175428463136
95_V,21.240087617521738,17.924811407655042,17.612007267770483,19.045132133960124,17.67617922516063,13.946550720518683,13.98272351868548,12.052941093359747,10.761323059921589
97_R,15.589976812041767,12.530769290031644,12.152700564072171,14.54206701263614,13.800488216001636,10.723357589859626,12.159273251309058,12.217470523803197,11.486964655643368
99_Y,11.511376155786063,9.401504719990308,8.951774963659442,12.397282807131573,12.668946720228954,11.250510832846658,13.768780991794443,15.521677422237588,15.360517732159945
114_H,14.8474122661156,12.43291812085964,10.809886817168811,13.708261268300957,12.890620039392989,11.30613258369103,12.815192000122355,14.323147559108648,13.411228765478572
116_Y,18.99994305254624,15.870370317040498,14.60267338537708,16.73550537031972,15.126100026113804,12.017212197510704,12.25457681847888,11.765496802090423,9.732335690881197
118_Y,24.53551625705072,21.23572485223898,20.39164520091501,21.96548824861401,20.10161331833841,16.439778678558913,15.757631389266596,13.507246240444422,10.89837602581229
143_T,25.2944550050006,21.71393704513301,18.909730775449976,19.0804312844338,15.6714767013195,13.181511332165217,10.261322770481394,8.47031126936903,5.220766035746095
147_W,22.232933724544765,18.92019677487525,15.512686872363536,15.243812974449668,11.68496255877613,10.51633324880873,7.872712937736267,8.527564540946026,7.60168073520586
150_A,22.03383337052361,18.94835562786385,15.289417680212676,14.03103620549815,10.413512999943867,10.654668648062213,8.168216206736938,9.955104921596757,10.687007953585503
152_V,18.04022594093544,15.127781529358492,11.455947189124084,11.374779470389743,8.321402165500716,8.497452618285083,7.693063694003846,10.365626416189238,10.694444632611832
156_L,13.39522056555994,11.213994203672476,7.842606837015352,9.305259265598137,8.22636359517375,9.154932386424264,10.736311610604451,13.926934371928375,14.478075839005673
158_A,13.573416445390595,12.739289776121735,9.828274314446046,10.815643947541906,10.950502454225555,13.236590082041516,15.092472196429584,18.644571032877103,19.58580552338861
159_Y,9.928471785728153,9.08815305768999,6.582723296630353,8.466967816166537,9.489678919752764,11.44845478656399,14.089570504454707,17.602306979484254,18.74748372448953
163_T,7.705417185331369,8.873234697673666,8.188547490245139,9.986344376196923,12.442761349475443,14.691901816987476,17.853051587893876,21.404270531835465,22.90264141971401
167_W,6.241839953090751,9.459926955320524,11.04825425123806,13.33967173509153,16.490194965493885,18.106389728490875,21.70228220717812,24.91640240885509,26.41701198091865
171_Y,9.598750022789428,13.098455252433396,15.788988377980395,18.304261962723327,21.58139073368536,22.58284505991218,26.31796000832892,29.12785259850098,30.475495270790923
