A_res,10_A,11_Y,1_E,2_P,3_L,4_P,5_Q,6_G,7_Q,8_L,9_T
7_Y,17.403474825447937,17.787649900984672,8.9848052844789,7.138599582551187,8.651312559375025,12.076933095782229,13.757328410705332,16.52223465515486,19.232375282320174,19.96900440683011,16.337344521065845
9_Y,13.8456779537876,13.761830147186089,13.78799608355036,10.718696842433785,11.226485603250914,13.428224715128954,13.4952691340336,14.992904788599176,16.811419125106596,17.75650080956268,14.246163202771475
24_A,16.413405801356404,17.15904137765277,11.910660770922831,9.491991677198207,11.38214158232097,13.25604235810976,14.207901921114182,15.49448889121549,17.980831710463228,19.718373081976114,16.50445364136602
45_T,21.55134675606144,23.52637426379169,11.109868271046242,10.785082428984952,13.942976368049974,14.43026340715928,16.588454237812517,17.30556780345563,20.5783861369156,23.347331881823244,20.973669326085982
59_Y,24.585155866904728,27.20663176506787,8.626665462390438,10.77553994006797,13.59736996628392,13.339426449439271,16.721022277360916,18.136158937327387,21.94537650622563,24.452070464482148,22.607010173837672
62_R,20.118477526890544,23.072693405842323,9.191267268445632,9.414170914106034,11.24164209535244,9.770371999059195,12.523989899389091,13.236939978711092,16.945254114353077,19.75106424980689,18.295757103765887
63_N,18.855124210675456,21.38521451844708,7.271813047651872,6.944963138851064,9.554248374414389,9.193389037781442,11.95753912809822,13.097509877835558,16.803065613155237,19.428213144805675,17.349499963975905
66_I,14.182036031543566,17.063657843498856,9.685083479247863,7.414879230304428,7.966333723865702,6.192521053658195,7.691386676016232,8.11462617746499,11.740269545457634,14.545233755426556,12.772710362331091
67_F,13.949825016823686,16.32419066906534,10.898868106367743,8.239512000112628,9.36559667079466,8.78703118237326,9.625278541424136,9.794464763324234,12.854680276070654,15.633455504142391,13.439908630641805
69_T,11.264596131242344,14.401428436096191,14.675598522717904,11.781270814305222,11.319735111741796,9.116597775486206,8.165965037887439,6.248770599085874,8.648696144506406,12.079855669667584,11.025075147136183
70_N,9.24906465541246,11.765266252830832,14.009144834714212,10.566067622346544,9.910509976787267,8.839709949992702,7.593720695416703,6.773165360450018,8.851878331744057,11.489412256508166,9.417417108740592
73_T,5.963094330966098,8.62299652093169,18.35510103486221,14.747285377316052,13.216597935928894,11.814146139268802,9.083616185198489,6.94530575280887,6.610673566286566,8.931326161326773,7.746492625698419
74_Y,6.837673434729097,7.836011038787525,18.553629995232743,14.82977349793314,13.6326273696599,13.287027846738342,10.985804431173896,9.951501595236772,9.877412262328624,11.310187045314503,9.187944057295956
76_E,6.869074319003985,8.016264154829232,22.963887170947345,19.272563451705125,17.650131585911765,16.480895030307067,13.441144631317677,11.147371080214386,9.336585510774269,10.63895131110205,10.222654351977283
77_S,5.290857113927771,4.841489233696594,22.195370891246675,18.3916679232744,16.506843853383973,16.022377164453477,12.985724777616385,11.67754850129085,10.081009175672843,10.277648369155276,8.910535954699927
80_N,8.161149551380612,6.552675865629244,26.94653161354908,23.13772015562466,20.975141978065366,20.339704250553886,16.97845914681305,15.367924778576963,12.799946601451111,12.140587259272094,11.882309708133343
81_L,9.868269605153689,7.034593947059065,27.16387323265959,23.36667432477288,21.37445330295024,21.414638778181622,18.360522922836378,17.42465864801948,15.37797028219264,14.477110692399918,13.36458697453835
84_Y,13.021410484275505,10.047812199678091,31.441858548756297,27.65776164117407,25.30662739283921,25.20643993109697,21.89545601260681,20.875543609688343,18.24422494928189,16.612415056216236,16.244068486681527
95_I,11.459481183718571,9.60190106176896,20.79778798334092,17.27345063963769,16.403708544106724,17.738220260217766,16.08280093764764,16.48656534879233,16.506604193473585,16.58980632798346,13.638354336209334
97_R,12.38712444435754,11.370260375206891,15.47082951880732,12.25341323876739,11.426052205376976,13.88541641435359,13.317121798647037,15.2588545441655,16.466930102481154,16.33486507443512,12.617535337774967
99_Y,15.641705629502177,15.458062815243052,11.527326186067608,9.31362673720608,8.465984053847492,12.007607172122182,12.874328176646737,16.11557014194658,18.21189468451869,17.85615977751096,14.137664057403544
114_D,14.358761123439583,13.579307567030062,14.870276224737724,12.395794165764451,10.379106705299838,13.286249433154568,13.169382749392623,16.284114744130246,17.62811793697784,16.411709539228394,12.838703400265931
116_S,11.917766443423869,9.807696977374448,18.75294379557514,15.504739436701284,13.86220566865173,16.03186046595966,14.750724795751566,16.56025026984798,16.949564891170507,15.905675402195286,12.40821151496057
118_Y,13.526034821779817,10.519691487871684,24.337814281483865,20.881545393001925,19.61332493484978,21.148631421441912,19.249114914717502,19.824159856094788,19.30274553010529,18.53786096074733,15.782612901544535
143_T,7.819412126240695,5.127793580088811,24.822141285553915,21.265706995066022,18.171343621207544,18.14676095064902,14.920201372635692,15.039856448783016,12.93170015891182,10.034324939924955,9.072225636523822
147_W,8.178102530538483,8.15411515739139,21.96767377306937,18.79130769797568,15.179775624165204,14.647366589254194,11.560628616126374,12.303487026042658,10.707961804190374,7.153142386392152,6.630338829954319
150_A,10.32015523139066,11.832907377310116,22.494606153475992,19.67849445460704,15.972690224254649,14.364488469834209,11.30906844085754,11.48774590596432,9.752587912959312,6.330292963204786,7.899504161654706
152_V,10.083861363584882,11.272473597219024,17.946186948764353,15.233190604728875,11.440430105551105,10.87649727623742,8.631671970134178,10.62747034811201,10.593495126727532,8.01083797114884,6.7434230180228205
156_L,13.869857605613689,14.88977652619407,12.89747967627784,10.914557709774597,7.50789164812599,8.823019494481468,9.025779689312165,12.611249264049937,14.378856595710245,13.15492497127977,10.582184462576713
158_A,18.223991330112067,19.748413328670228,12.890311322850197,12.312644232657744,9.614625369716697,10.261793459235085,11.620070782916944,15.108838803826057,17.300603544385382,16.42203449637103,14.601918435602904
159_Y,17.391780961132184,18.85495324841724,9.467787967630027,8.844674612443354,6.579487366049119,8.323289854378496,10.422981914979996,14.20237230183747,16.88674835484914,16.54590535449784,14.0767764420694
163_L,21.179141484016768,22.92911810340729,7.461475859372595,8.864775575275443,8.485694137782719,10.053938183617404,13.226298461776828,16.760347729089638,19.9761413941732,20.29036507803643,17.95994888634152
167_W,24.95675499739499,26.57938451130876,6.355990717425571,9.652946078788592,11.42594315581869,13.53174641352697,17.14350830489489,20.43377953292049,23.986915662502337,24.84644781452673,22.201648722561124
171_Y,29.061228191526936,30.40492363088584,9.64229879230052,13.030836504231033,15.853027250339286,18.29737973044228,21.881158127484937,24.93324964780965,28.56803393655224,29.7306986968016,26.80115650489732
