A_res,1_S,2_L,3_L,4_M,5_W,6_I,7_T,8_Q,9_C
7_Y,8.991488975692514,7.70699331776018,9.515945249947588,12.698421516078293,14.460033921122042,13.59820730831826,16.661903192612783,17.867837613992357,18.58193741244438
9_F,13.895265164796244,11.252038481981833,12.176912662904336,14.053903763723442,14.639964924821369,12.476979201713853,14.753902195690465,14.50560371029072,14.931806789534882
24_A,12.374263735673328,10.476807385840404,12.64162279930864,14.158979694879148,15.729113516024992,14.517127642891346,17.419078362531124,17.493687147082515,18.64790419859562
45_M,11.230345764935286,10.97251046935021,14.104074375867418,14.229743040547143,17.07831645684082,17.72300567059662,21.21431889078695,22.05632487519169,24.40582172351506
59_Y,8.504469236818954,10.36787350424377,12.964283589925053,12.557662839875896,16.27177169210532,18.77535163452339,22.49835605105404,24.76750169072368,27.631674885898608
62_G,9.274412811601604,9.113449237253697,10.803980794133242,9.152891127944216,12.460589472412613,14.98119317678001,18.507897584544818,20.589728410059227,23.75343261509797
63_E,7.1211732179466045,6.681516145307143,9.294933243439676,8.786288237930735,12.18440129838147,13.932336631017789,17.65581388664935,19.460469906967816,22.24514373970193
66_K,9.515247868552876,6.961991238144444,7.632032625716429,5.751558484445758,8.172564163100834,9.684499264288268,13.17888212254742,14.850011481477042,17.925443425477653
67_V,10.281300209603838,7.602685446603717,9.036245791256452,8.44228316274691,10.347160045152489,10.54487164454836,13.898581438405865,14.790043982355158,17.404562907467685
69_A,14.177755040908275,10.959657111424608,10.538037103749446,8.29045240020109,8.368439579754401,8.403287570945077,10.870691146380713,11.4451336820502,14.743207317269874
70_H,13.08999755538556,9.504085121672675,9.070422261394448,8.204583657931705,8.138176392779897,6.8650631461043385,9.584105800751574,9.959554056281837,12.614036784471494
73_T,18.10708662375038,14.360925109476751,12.985091220318786,11.716458637318702,9.850201470020805,7.290138133122033,7.654667465017669,6.151018370969154,8.93188389982763
74_H,18.63248813229194,14.963162967768543,14.06228025606089,13.776865354644356,12.33037505512302,9.234158651441938,9.643844980089632,7.561510100502413,8.767236850912607
76_V,23.11912145822155,19.37546167191894,18.00541332488649,16.863626715508143,14.642549846252871,11.72875888574746,10.644024661752717,7.40112815724738,8.696287081277848
77_D,22.749037891743907,18.97874292465125,17.41398130813284,17.01029729311043,14.657304868221852,11.14657386823413,9.741737062762471,6.240613912108327,5.93146971668911
80_T,27.33053577960008,23.535369170675864,21.71374306746766,21.124250069529097,18.36384417816705,14.91649804746409,12.590637553356858,8.77144486387505,7.381184593274984
81_L,27.57876003376512,23.89231979109605,22.238407969097068,22.31122421562744,19.776029075625875,16.058919671011495,13.993811096338266,10.44532325971772,7.894295725395648
84_Y,31.778929638991933,28.06928504611401,26.038524324546504,26.004510416464296,23.073119728376568,19.43995702155743,16.681938646332444,13.26055451329242,10.276902305656115
95_V,21.187411309548885,17.95165981183913,17.52514793090204,18.63771619592916,17.555624768147673,14.119063920812884,14.31989573984392,12.17077783052505,10.964746873503284
97_R,15.521283001092405,12.578669086990088,12.128542946289963,14.359670504576352,13.958061935670012,11.099272498682067,12.503222224690724,12.313470550579964,11.754755378143775
99_Y,11.393775405895976,9.437257334628534,8.995300884350677,12.483883169911516,13.067871173224813,11.682907086851287,13.98550027707268,15.547544468500485,15.62187165483061
114_H,14.862224631595366,12.553358952885878,10.94088118023407,13.952099411916477,13.416721283532723,11.442187596784107,12.649529675051168,14.12476045814583,13.45943375480559
116_Y,18.921373602357733,15.896796312464971,14.611383336289554,16.679548734902873,15.410452816189409,12.098832133722665,12.23342188432983,11.66156258826406,9.8301716668632
118_Y,24.50224008126604,21.323383666763583,20.44271951086744,21.844565777327777,20.319342853547205,16.638588912525,16.024095013447713,13.725320761279129,11.184441738415018
143_T,25.35674259442644,21.81584582362096,18.98496465627472,19.2453689494382,16.031366254939098,12.71435075023495,9.595807990992734,8.079388219413644,4.810646006515134
147_W,22.405427021148245,19.124111639498448,15.712936199195871,15.747698276256124,12.375925783552516,10.08673386186034,7.12277810969849,8.303442960603752,7.578939767540048
150_A,22.82666664232866,19.7504595895893,16.070480951110333,15.1893887632123,11.63897542741628,10.74828870099794,8.021527659990957,10.22447548776953,11.0828827477331
152_V,18.54212827590188,15.68478590864408,12.046144652958471,12.377258420183368,9.546697125184185,8.554797075325633,7.418145927386438,10.449408117209318,11.025652497698266
156_L,13.508853726352951,11.45144274753186,8.282971749317996,10.315893175096376,9.506489678109368,9.552531863333405,10.914646902213557,14.143052570078352,14.9316345053045
158_A,13.907131192305622,13.149555886036609,10.4832949972802,12.193423350314712,12.316896890044992,13.733518777065113,15.344508007753133,18.911061762894224,20.053133271386795
159_Y,10.203014995578512,9.465918708714966,7.205900013183644,9.610998803454304,10.58803400070098,12.0340395129815,14.448318760326408,17.853027138275458,19.22344222557448
163_T,7.915205935413178,9.074490013218371,8.56369038440788,10.880116727315013,13.190521976025057,15.247627913875654,18.23785867364916,21.55943951033978,23.242011122103868
167_W,6.514798154969963,9.771710853274367,11.48558030749862,13.991031913336489,17.144008166120315,18.98876770619937,22.441425333521043,25.32527792542463,27.005456541225147
171_Y,9.698126159212409,13.290264444321645,16.051691593100088,18.58336627201864,21.97047855646299,23.44779296650327,27.061140755703555,29.50210511133061,31.032706150124906
