A_res,10_F,1_R,2_Y,3_P,4_L,5_T,6_L,7_G,8_W,9_C
7_Y,19.20653604896,9.419583961088728,8.131681314463822,9.800668446590777,12.817939655030369,13.236115517779378,16.739911200481323,17.39799968387171,15.0587170104229,18.12988786506966
9_S,15.980889587253897,14.231494545549316,11.575758376883996,12.574677928281105,14.056613034440408,12.918118477549276,16.523890825105326,16.908349357639853,13.578123176639693,15.501772705081182
24_A,19.08660032588308,12.638539828635263,10.4244202716506,12.525626571154032,14.183212118557623,13.921203001177732,17.729155873870585,18.91572557424113,15.946087451158666,18.007180040195074
45_M,24.88897705812756,11.22725193446731,10.403603077780314,13.656067296260664,14.880989516829851,16.33226506030318,19.77051509192413,22.37790028130432,20.48779475687904,22.65906189585085
59_Y,28.642928638671016,8.783852571622546,10.333747577718356,13.112210568779014,14.392282688996907,17.596891600507178,19.997132419424545,23.19925975112137,22.82524562847025,25.62828207274144
62_E,24.643503525270106,9.060907073797855,8.682536726095663,10.562301311740734,10.68498919044844,13.61396051852656,15.82773395025327,19.26938904065201,18.9706075021334,21.42771469382585
63_E,23.012952744052644,7.065611721570895,6.213669608210597,9.026388923595084,10.033151648410383,12.543027585076898,15.484312254666008,18.50964164969165,17.549370501530817,20.165967246824536
66_K,18.4910250932716,9.224996693766345,6.317637612272485,7.011622921977478,6.306304861010131,8.060925008955236,10.934337702851508,14.070409624456566,13.127576166223529,15.4265824471916
67_V,17.917176256318964,9.99732984351322,6.891606271400016,8.404470715042084,8.590135796365503,9.20955026046332,12.715091859676043,15.204271077562382,13.30383463517192,15.431927099361245
69_A,15.071660658334904,13.817839411427537,10.333813091013404,9.895459261701804,7.88958864580404,7.138816008274763,9.716816917077322,12.455837386542909,10.918140958972824,12.107353550631949
70_H,13.026389561194618,13.103223801797782,9.35576886204442,8.872457720383904,7.845852471210503,6.261641478079051,9.656574185496636,11.4752159456805,9.014684353875072,10.633902858311243
73_T,9.389430706917222,17.5321959833901,13.724824989776732,12.285044078065,10.268570153628984,7.151179203460085,9.061212998269053,9.970538350560616,7.274032994151181,7.104078124570423
74_D,9.216713405547557,18.4287954299786,14.696666969078397,13.749011055345033,12.633972851007716,9.579052614951024,11.952971429732443,12.092859463336206,8.605106216659966,8.398805212647808
76_E,8.29067029859468,22.50886569776452,18.699505715392583,17.192373047371905,15.081304519172074,11.661192177474824,12.595078483280684,12.491439788911446,9.819723570447389,7.5703231767210575
77_N,5.660451395427755,22.214551154592343,18.464488890841253,16.79649043699308,15.251954825529744,11.609218535284796,12.72501795676533,11.67908095699315,8.420385442484209,6.364911704022296
80_I,6.537309920754864,27.098427039221296,23.34735113455057,21.42148211492379,19.582792471963742,15.816057915928356,16.047624902146733,14.404672401689666,11.874517253345498,8.674395310337195
81_A,7.403447912965956,27.363606743263944,23.73685292956924,22.04518573294405,20.81183579120304,17.110925106492637,17.84410964436164,15.885465086046429,12.889583158504388,10.410241399698664
84_Y,9.372771895229285,31.48553366230276,27.892268552414304,25.805405906515013,24.36540208984863,20.580437944805745,20.5640896953889,18.038556843605864,15.76153729811911,12.843536428881256
95_L,11.488486540880832,21.24664467627771,18.00945432266064,17.58657379935046,17.75149889445959,14.965541152928624,17.51442705314679,16.591781730724403,12.757129536067277,12.793374613447384
97_M,12.60076267533041,15.661428063877189,12.860242688223266,12.4420458526723,13.738345242422756,11.871830061115263,14.848980975137652,14.11816553239124,10.739523685899668,12.77848101301559
99_F,16.167337381275868,11.36219930295187,9.669202449013053,9.154398778729272,11.841087027802809,11.612478503747596,14.36581295994069,14.022849139885944,12.041617042573645,15.376884762525862
114_H,13.586662908897097,14.585450490128853,12.5498485648234,10.763171186969014,12.50301999518516,11.408775131450357,13.246853550938049,11.818135597462064,10.107427071218474,13.256708414987488
116_Y,10.310064354794298,19.11804608217064,16.27440951309755,14.99894802977862,15.773089646610138,13.258026625406965,15.335855339693316,13.503722782995805,10.231946540126172,11.617776465399904
118_Y,11.405402623318476,24.485145251764383,21.379770321497844,20.4938477109595,20.704769716178923,17.68185199576108,19.649880228642616,17.844230131894175,14.24001790729211,13.897986688725814
143_T,5.071584466416782,25.752437671024467,22.514521958060755,19.62345876750579,18.352819647127795,14.914635429671089,14.12413427435466,10.628983441515,9.4761364489965,7.884868927255544
147_W,8.347275663352686,23.480656251476447,20.62286898081836,17.156089006530593,15.716190537149895,12.980671554276382,11.122373622568162,7.327058413852042,8.43726768569067,8.40683947747309
150_A,12.109340031562416,24.65699237538918,22.03833464670141,18.28556832586836,16.258890306536912,14.161084033364114,11.13611260718928,8.14675481403485,11.007782383386765,10.96711197170887
152_V,11.443319885417871,19.672421635375752,17.22835964333227,13.50608370327979,12.174090602587118,10.4820948765025,8.303395570488014,5.333887700355155,8.007243533201674,9.806349014796488
156_Q,14.50419442781984,13.847704827876711,12.02794920175505,8.598285933835884,9.02344645908646,8.948873728017398,8.852824633979823,7.957206167996404,9.095646046323484,12.570597002529356
158_A,19.762097788443413,13.443082905345785,13.000278035488318,10.083630992851733,11.05907134437607,12.578432732260405,12.23162593443733,12.32552591170048,14.102547642181538,17.53603957568527
159_Y,18.90810014253151,9.81695726791148,9.24467311482672,6.5901045515226855,8.420349933346,10.40121387146712,11.145224762201972,11.897130116124648,12.84519482141085,16.543468016108356
163_T,23.13597897215504,7.029211193299006,8.40213740663648,7.624336692460536,10.171803429087689,13.253386057909882,14.52330551217594,16.139362347998762,16.86180814740816,20.549910218781985
167_G,26.824150182251817,5.398522019960651,8.872247122347305,10.553421625236057,13.84748182883805,16.931011428736326,19.12452114433196,20.917346557343265,20.794740200348745,24.47909267109384
171_Y,31.254279099028984,9.299323147412393,12.847906989078028,15.553929760674633,18.98148429391126,21.83558716865658,24.500882392273137,26.27675794309488,25.60312689887702,29.19742531457183
