A_res,1_N,2_L,3_V,4_P,5_M,6_V,7_A,8_T,9_V
7_Y,9.584258917621122,7.472494161924789,9.413306486033486,12.620794349009897,12.888041511416702,12.317736399192835,15.135124347028007,16.511741095353937,18.787786591293827
9_F,14.230407337810114,11.079934160454204,12.202318181394876,14.378203295266063,13.047521680380529,11.530118212750462,13.20574802879412,13.079904663261118,14.92956894890137
24_A,12.798382632192236,10.352312302089809,12.663504491253596,14.227070710444927,13.738118830465837,13.50656436700318,15.85536369813067,16.072715358644288,18.489567328631573
45_M,11.17703565351744,10.961235970455157,14.195290275299062,14.169459305139346,15.42848770942894,17.32091397703943,20.44956610786644,21.577741193183314,24.7987853734815
59_Y,8.277437344975798,10.78874872262766,13.257135776629882,12.35044987034885,15.538005019950273,18.70736475295224,22.343637192722223,24.841941107731497,28.464977797286263
62_G,8.295687614658593,9.203804702404325,10.85149892871948,8.899065681294863,11.671122568116571,15.09576053069205,18.509754752562227,20.91996190245097,24.635284634036605
63_E,6.232495968711088,6.462807903690159,9.02788668515506,8.227981101096429,10.592264016724656,13.425440216246171,16.975214696727697,19.14239971894852,22.725275707898465
66_K,9.013123653872723,6.877378134143855,7.436024341003736,5.560368782733753,6.224454755237602,9.08354561831447,12.256168814111527,14.262582970836664,17.951954378284277
67_V,9.815938314802104,7.223243108189007,8.77087504186441,8.389685214595362,8.268884205260102,9.833598019036572,12.781172755267804,14.031342416176724,17.446596716838506
69_A,13.421065419704949,10.523389615518374,10.135810229083807,8.352085607798807,6.5133053052962255,8.030949009924045,9.954256225354056,10.96723365302299,14.57162561281342
70_H,13.041963579154787,9.575709164338692,9.357949027431172,9.065870338803665,6.800128013500923,6.712734241722968,8.649764967905197,9.245705327339826,12.617078267174223
73_T,17.68345311300935,14.113976973199298,12.977653640007505,12.320014163952896,8.99584731973592,7.618553209107356,7.130295505797776,5.965723174938643,9.006948317826634
74_H,18.608642750077177,14.95204290389778,14.42589120297252,14.595763083854164,11.548827126596017,9.648014510768522,9.227075972376078,7.2389196707796115,9.23372216389469
76_V,22.290180035163463,18.67634846537192,17.53420810872279,16.942207972988648,13.49021493527809,11.658061030891888,9.921533349235894,7.036947704793608,8.256125362420319
77_D,22.17524951381608,18.407023903934064,17.151267562486453,17.353981963803005,13.839595875602727,11.12874790800834,9.052139470865436,5.581147014727349,5.719289204088216
80_T,26.90674333694065,23.15020023671501,21.553432325270148,21.44481979406682,17.75737604490033,15.039194260331904,12.135284545489654,8.399286041087066,6.640353379150846
81_L,27.51947955539857,23.72115404022325,22.31531176121005,22.83868222993612,19.25758972457353,16.129862305673907,13.391673569797018,9.662484670104268,7.127151254182838
84_Y,31.86716460559364,28.073225073012186,26.311564073616,26.78419050484819,23.11097152869173,19.85737618619338,16.638310551254897,13.072188837375323,9.73977135255238
95_V,21.395374897393125,17.82735709520623,17.712704903543106,19.286438810729155,16.60939318578496,13.838590318381415,13.260536678430473,10.992470968804056,10.92875111803723
97_R,15.838346567745006,12.398089126958237,12.176826926584775,14.674783439628676,12.711431902032125,10.030582086798352,10.81811175760354,10.583565986944098,11.754164283350816
99_Y,11.8111996850447,9.196208892799252,8.857839578587999,12.45627717257448,11.96390174650394,10.236185080390058,12.373561088061914,14.03785578355897,15.815683102540971
114_H,15.095284859849448,12.378756682316686,10.943607312033816,14.232732344845104,13.07666907128876,10.4967163436953,11.544618356619674,13.052827126718563,14.093676135061427
116_Y,19.29564502679296,15.874133267677957,14.833317801489995,17.31819170698835,14.940681376697654,11.542487426893738,11.055229486537128,10.31308557125364,10.110881316680562
118_Y,24.49368155259637,20.908210014250383,20.287817132456613,22.117996224793966,19.25161429594932,15.942642095963896,14.6076435471297,12.066372155706128,10.60767769118199
143_T,25.48593933917288,21.954781119382627,19.2914515783546,20.17863288233373,16.823297209524657,13.240568907716918,9.902068167812216,8.28098719960368,5.38305210823748
147_W,22.48954423726724,19.3723959798472,16.06253703497676,16.677766547112956,13.797057693580909,10.782414247282473,7.99681098938821,8.924731760674941,8.516948397166676
150_A,22.80111041155672,20.03194393961804,16.409095648450585,16.098433992162096,13.517429674313089,11.556561469572168,9.168667842167697,10.925330429785635,11.447577472985277
152_V,18.71083573761472,16.023331551209946,12.430390581152306,13.11055090375687,10.991767510277867,8.75967607848601,7.631625121820386,10.375182456226977,11.556671147004224
156_L,13.029027438761496,10.957880725760798,7.633788312495963,9.688231469158858,9.290076695054786,8.23612074947909,9.907886656598368,13.26956566734571,15.39642731285411
158_A,13.769932534330003,13.154401544730188,10.233623112075213,11.710968661899834,12.735750115324972,12.933448843985891,14.837628112336551,18.413882507499604,20.602789956702463
159_Y,10.077566819426204,9.412898650256464,6.795092714599261,8.842740186164013,10.34247059459199,10.93278180519487,13.601231451600253,17.13761115208301,19.720509602948905
163_T,7.86730709963708,9.281361699664547,8.460680409990678,10.117528947327012,12.961871006918718,14.55975975076512,17.78287409278939,21.25394885662427,24.13966124451625
167_W,6.676914482004394,9.726787393584788,11.089334831269186,12.987831766696086,16.129759886619514,17.890535877943957,21.45857695654584,24.5471049616854,27.5213387937433
171_Y,9.622812998286935,12.74092955792473,15.363622945125933,17.410460332799932,20.35993499498464,21.965429497280493,25.602224551784555,28.21959477030101,31.116491736698084
