A_res,1_Y,2_L,3_E,4_P,5_G,6_P,7_V,8_T,9_V
7_Y,9.0173602013006,7.671586863224581,9.532162503860288,12.87607117874082,14.278619015857238,12.843188505974677,15.731496241616687,17.40779678764662,18.133888661839745
9_F,13.760041569704644,11.082837452566014,12.28162810868331,14.483583465427332,14.556696671978845,11.717783664157656,13.73701164737076,14.036722053243055,14.585169899593216
24_A,12.257285221450957,10.312136199643602,12.699493769438217,14.535316061235134,15.524691462312544,13.428241098520688,16.12623359622451,16.852273466805602,18.12867987471785
45_M,11.04915467354856,10.827443142312038,14.133315746844405,14.476674514542353,16.82136335140526,16.492283559289174,19.854493546801944,21.434662978456185,23.88685232507624
59_Y,8.567438998907432,10.593770103225763,13.20055915482371,12.707981310971466,16.30313433055129,18.0909490353602,21.73680809134589,24.584426635575625,27.43680057878469
62_G,9.16705765226771,9.195494875209276,10.97917214547618,9.304483542894792,12.371472426514156,14.179955571157478,17.6000850282037,20.325173996795208,23.49581164803634
63_E,6.862528469886301,6.608269591958248,9.343217861101174,8.916200816491292,11.964494682183616,12.920318920212456,16.5604042825047,19.07328338278441,21.89000105070805
66_K,9.180886286192631,6.686929564456323,7.642113058572215,6.111192764100967,7.94328678822564,8.561947500423019,11.96905752346441,14.390416637470926,17.482366830609635
67_V,9.999623292904584,7.376451857092269,9.178238229638623,8.985529811869746,10.262637380322856,9.444977713049406,12.680128272221854,14.3517571746459,17.044358626830167
69_A,13.69515804947135,10.452372840652025,10.31311189699792,8.60408275181033,7.989241515938794,6.977227959583949,9.233079822031216,10.646724660664423,14.007841339763957
70_H,12.711539796578538,9.112632660214064,9.075024903547098,8.876366711667565,8.177548899272937,5.756568943389806,8.263945123244708,9.440705164340216,12.094354426756311
73_T,17.654507441443954,13.922264219587277,12.929370982379616,12.133769282461245,9.814276386978309,6.717905253871925,6.536620992531232,5.725876788754714,8.692220314741222
74_H,18.42618023356984,14.760093360138343,14.255561265695578,14.402590669737169,12.46367642391281,8.871172526785854,8.781137113153399,7.197094969499849,8.622605232758833
76_V,22.701335753651147,18.96163360578408,17.925595387601494,17.199318503940788,14.516662598545162,11.344724016034943,9.759200069677842,6.8468349622289,8.413828736074915
77_D,22.18281546603136,18.412319734351783,17.232026723516885,17.27268265209548,14.5674877037875,10.929425602473357,9.170818338621697,5.946591796987584,5.904685004299553
80_T,26.890806551682303,23.08844769576336,21.572685739147087,21.376407018018725,18.257511139254444,14.884764391820251,12.244218635748055,8.465655851734113,7.222602439564288
81_L,27.18821410096661,23.48334098887976,22.154915007735863,22.612011984783663,19.73757295110014,16.094214674845123,13.780014840340336,10.246895139504453,7.91153341647496
84_Y,31.323006640487115,27.593681323810348,25.85488259497614,26.171801676613708,22.96219978573481,19.58349031710129,16.677458559384878,13.104798701239174,10.268834597947322
95_V,21.07501338077867,17.802622587697577,17.658765188993257,19.16983862738548,17.603901414175212,13.827704690222458,13.638245268362056,11.783473978415705,10.700020654185677
97_R,15.41458611186171,12.410503333870064,12.161801593514012,14.66505332414444,13.851688597423774,10.676273273010576,11.73668360313082,11.861614772028297,11.344918774499885
99_Y,11.317358481553896,9.32324262260722,8.900323701978483,12.515248978745884,12.913403617946736,11.377854674761844,13.460775534864249,15.275684763702085,15.298031964929343
114_H,14.734362626187805,12.424252653580416,10.849025255754547,14.003859682244748,13.39510186598071,11.629196532865029,12.612217925487965,14.122636935076958,13.35433371606386
116_Y,18.875066860808733,15.786478296314224,14.702821565944411,17.011033390126542,15.4300354179762,12.128256717269805,11.92268132594342,11.360066241004054,9.50234171138883
118_Y,24.262093190819293,21.043635142246693,20.4296970853706,22.19645931224167,20.297778252803923,16.539270661066045,15.648562266227524,13.471556702920411,11.074004018420796
143_T,25.198176699912235,21.660317195276715,19.00826173010041,19.53573190336108,16.215758415812687,13.55724171798969,10.439248536173473,8.562364451481844,5.231758213067573
147_W,22.512569400226173,19.262208829726667,15.95573859149115,16.132961631393037,12.824573716112356,11.460923217612097,8.642403832267961,9.052878271577498,7.910658379679914
150_A,22.974849488081528,19.9683484795313,16.352337875667807,15.5638891347889,12.229594146986232,12.273290471589108,9.715657157392906,11.100031576531665,11.43550374928888
152_V,18.375348731384666,15.517518197186046,11.906979129905285,12.175806872647088,9.467395048269614,9.369755866616805,8.113973749033208,10.52565261634641,10.819748148640064
156_L,13.29879682527709,11.169364395524036,7.786699814427163,9.555328408798934,8.850295192817013,9.484653446489228,10.615743308878564,13.745950567348917,14.430717168595608
158_A,13.44275068577856,12.638201454320944,9.639299300260369,10.847396093072293,11.387994292236014,13.414132174688008,14.951863462458457,18.423016582525243,19.488628196976823
159_Y,9.77871571322124,9.02860936135793,6.460524127344471,8.568522684803957,9.951499434758563,11.69446916281368,14.021666734022746,17.493670255266622,18.77566632639173
163_T,7.888067126996321,9.158938202652095,8.333021660838282,10.137320602605008,12.861375237508623,15.029643675084248,17.935754068340703,21.471296397749253,23.09268789032581
167_W,6.344625520864098,9.656644396476446,11.132348629107875,13.31172246555644,16.676127218272235,18.27830957720106,21.682473751857746,24.91284056465661,26.570453966765417
171_Y,9.713843214711677,13.27442028866044,15.834058386907635,18.191329638044603,21.61225425539872,22.6400418727528,26.191600046579826,29.05102445697914,30.565573526436573
