A_res,1_I,2_L,3_A,4_K,5_F,6_L,7_H,8_W,9_L
7_Y,9.017611546302048,7.481059350118805,9.216965878205256,12.543667007697548,12.793230397362509,15.40077407145498,15.468578797032391,17.41196465077965,18.109196586265224
9_F,13.857993216912757,10.98758940805489,12.05467270397666,13.93032045575406,12.948678928755628,13.902837408241528,13.488913447716984,14.01539813918963,14.334674220225589
24_A,12.481031608004203,10.28860481309298,12.549916653109692,14.415405023793122,14.50693640986959,15.60814793625432,16.17315646372099,17.04981304882843,17.997424287936315
45_M,11.214966518006197,10.750600773910266,13.968651903458689,14.935088684035325,16.86333585029961,18.01902899714632,20.21750345616392,21.827783419303024,23.94542455251107
59_Y,8.51143107826175,10.371121732966015,12.89629904274866,13.355204341379432,16.81511002045482,18.872690189795414,21.839872824721304,24.64714900348517,27.42197232147972
62_G,9.286958867142678,9.232972435786865,10.963457894295942,10.238556978402766,13.440924112574995,14.786759516540464,18.054706117796545,20.64879754368278,23.69425909371297
63_E,7.198065712398017,6.656023813058363,9.24610977654927,9.571198984453304,12.356470127022522,14.004783397111144,16.780970889671433,19.22267653059792,21.89432919730586
66_K,9.490249153736691,6.937609242383142,7.740779999457418,6.669929010116973,8.579017367974025,9.404490895311664,12.366072658689983,14.633545366725045,17.561730723365507
67_V,10.309764352302144,7.498523854733012,9.08835326117994,9.175533390490168,10.11427372577982,10.754336660157149,12.88537422817048,14.499363020491623,16.879074441449685
69_A,13.799092542627577,10.523420831649752,10.235570379807855,8.467123891853712,8.242937886457712,7.049554524932762,9.670748109634538,10.923269382378152,13.955182478205003
70_H,12.967400433394507,9.32692280444092,9.073168906176058,8.53132850147033,7.494892260733304,7.090675144159404,8.437878880382202,9.592135163768283,11.954412867221874
73_T,18.17439699137223,14.438181152762976,13.251320311576505,11.87817065039899,9.424060589788246,6.856423411662963,6.804955106391224,5.747963378449795,8.182220297694263
74_H,18.942464491190155,15.247456837125329,14.641093709146183,14.181669753593894,11.79676434451413,10.05711434756511,9.221553502528735,7.64596207157739,8.460453297548543
76_V,23.13254188367548,19.398078951277625,18.29502200053337,16.93282817487971,14.263475102512713,11.32684642784566,10.420002783109036,7.540502569457821,8.4275766979601
77_D,22.675320571052577,18.907596198353723,17.652915481585474,16.925238757547852,13.859533505857978,11.564104245465794,9.55586129032857,6.409786111876121,5.728953307542316
80_T,27.32155246321117,23.537785239907343,21.97782976092044,20.93746357608772,17.6428699762822,14.931049427284073,12.607945550326589,8.866497955788404,7.268824939424531
81_L,27.82857281644174,24.11461942473901,22.703734252320697,22.26034341603921,18.90028679676581,16.774688581312024,14.005747498794914,10.512216226847697,7.805635400145208
84_Y,31.610457304506053,27.89692072613033,26.128002392069703,25.49290197290218,21.93473302778039,19.667425530556866,16.638474118740575,13.075491807194098,10.114960306397652
95_V,21.20403824746598,17.83686774632811,17.62242565596462,18.457224655944348,15.990752139908864,15.35070767098377,13.421262906299091,11.769249891135798,10.336473721729282
97_R,15.542012546642727,12.424444333651303,12.106895308046566,13.928861188194816,11.904906971497088,12.890609683021202,11.240504437079329,11.60342126271386,11.058886155486004
99_Y,11.497453718106458,9.401136580222628,8.829204494177263,11.933402280992624,11.010470652973924,13.791308494845586,12.819564657194878,14.914880656579191,15.109180156447932
114_H,15.005132755160814,12.627935539905168,10.934873616096349,13.238195534135306,11.286071637199544,13.602546710083372,11.622362109313237,13.406467991234685,12.944073624636102
116_Y,19.02594052865718,15.885492312169614,14.762087284662693,16.220405081254903,13.464526170645588,14.029150116810357,11.30600915442757,10.96173188871175,9.143240125907228
118_Y,24.519446853467144,21.23773686153965,20.59456166078802,21.587252210506083,18.72370620363393,18.16941314407265,15.455342053801331,13.463807596664472,10.796245690053556
143_T,25.46231112841095,22.00276566707013,19.33989115791503,18.77329262542935,15.03425415509529,13.691311989725456,10.00872269572896,8.061984433128112,5.293590558401735
147_W,22.69637832342421,19.616259480339263,16.30406602660821,15.403081282652508,11.956697913721833,11.385249448299325,8.29714438828203,8.804627419715159,8.551092678716559
150_A,23.310998884646704,20.51821088691701,16.9191722315248,15.128775396574568,12.286142803988565,11.50519799916542,9.80642213042045,11.110652816104013,12.246888584452789
152_V,18.77217347565273,16.146217823378947,12.53620177725295,11.6669676008807,8.933765779334044,9.752155710405775,8.000628537808765,10.546397773647648,11.65777362964301
156_L,14.006023632708892,12.093633076954172,8.77237721487169,9.665574685449387,8.34467794465431,11.265672904891211,10.469815471153254,13.727585694505793,14.838677131065287
158_A,13.37047448671886,12.736090962300793,9.742866415998938,10.415110945160402,10.870977049005305,14.096600583119322,14.482415475327311,18.08900740781539,19.75367259524162
159_Y,9.944359707894725,9.158187320643751,6.450374097678368,8.201004938420658,9.016229478002437,12.690934323366424,13.252348999328383,16.853190647470885,18.53336140585404
163_T,8.07604191420525,9.176726431576784,8.018036480336068,10.009446388287415,12.20584962220984,15.90294290375212,17.176445994442506,20.82362101076564,22.750855939942124
167_W,6.358328553951897,9.580942072677406,10.877529590858398,13.644976731383608,16.30597528515238,19.919496027761348,21.40019256922704,24.762605254698062,26.56252015528647
171_Y,9.66499596482068,13.118492520103064,15.557600361238237,18.569949138325608,21.16836935146399,24.59582425941444,26.01813961450741,29.04584090709029,30.5999198364963
