A_res,1_S,2_L,3_F,4_N,5_T,6_I,7_A,8_V,9_L
7_Y,8.85609310023331,7.447635933636929,9.604225163957784,12.827597631668992,14.689977025169236,12.695246157518964,15.373217522691856,17.086689029768173,18.744087121009656
9_F,13.659321213003237,11.031405984732864,12.42656718486646,14.27757710537751,15.176809480256386,12.149353316123458,13.814773179462632,14.039211267019244,15.333633000694912
24_A,12.231808410860596,10.389767032999345,12.884556841428418,14.494574191744988,16.323044354531415,14.011451352376024,16.380835967678813,16.880930128402284,18.81907410049708
45_M,10.746520227496896,10.64956529629261,13.814215902468003,14.173212374052676,17.245787514636728,16.707028012186964,19.900192486506253,21.05506770352449,24.08317005711665
59_Y,8.525084691661426,10.593245631061333,12.916663230107073,12.796201662993596,16.548635563090997,17.95730093861547,21.62534533828304,24.03529022083985,27.529650996698088
62_G,8.639989641197491,8.762613936491778,10.164797341806672,8.85551020551611,12.333786158353806,13.84275279704149,17.320405624580502,19.53989216961035,23.207421873185307
63_E,6.705336456882683,6.576747600448111,9.098934278254788,8.96165057341559,12.502926737368334,13.024493041957523,16.603256819070165,18.62263144671021,22.02880727592849
66_K,9.153947946105005,6.698778172174387,7.180538350291017,5.58630208635373,8.21955795648404,8.511773551969062,11.810922783593162,13.643800130462193,17.240276273888423
67_V,9.785703909274996,7.260514788911317,8.84934556902373,8.563243836304089,10.783735948176776,9.770538214448576,12.774298376036157,13.93671030049775,17.13503878023041
69_A,13.482223592568106,10.348574152993256,9.908685735252686,7.906157157557649,8.364770947252536,7.466904110807904,9.5195909050757,10.175199555782678,13.79784947011671
70_H,12.732569457890262,9.228925127012351,9.011948568428467,8.48974469580799,8.801969381905392,6.414556960539048,8.45329586611045,9.0130575278315,12.090699318070897
73_T,17.428942652955172,13.78310073967393,12.605937727912194,11.427833302949429,10.007039622185978,7.283580712808775,6.848688487586515,5.361896026593581,8.303339147595985
74_H,18.509317356401883,14.941858016993738,14.410447911151133,14.074248292537687,13.07183954154885,9.826634164351493,9.389376603374693,7.437804649222783,8.893767593095742
76_V,22.65796356692278,19.01917582336312,17.834754525924936,16.565297129843458,14.682401472511232,12.05353935572452,10.31011314195921,7.06702469218836,8.042075975766453
77_D,22.252619328968898,18.552460780176848,17.283564996840205,16.76255192385694,14.76263787403864,11.543044182536942,9.477965446233704,6.17844915816259,5.716234249923636
80_T,27.142071199523446,23.41362947088725,21.83304534415664,21.0274926940898,18.52450644416741,15.647474205123329,12.822185188180685,9.142997757847262,7.147816729603527
81_L,27.46257775592088,23.801265071420048,22.47073254257635,22.3062362804665,20.03120807639919,16.752244297406836,14.135182878194398,10.783863407888658,8.082645730204932
84_Y,31.87160469759877,28.178971876205846,26.468728907901863,26.14435453400982,23.42912986006949,20.434400260345296,17.300451439196607,13.974580673494284,10.658694901346973
95_V,20.933009649832965,17.695738159229187,17.682068006881998,18.687345691670604,17.921918228805758,14.231129927029686,13.675668210365446,11.93286579158586,11.31010353621929
97_R,15.37135481992398,12.360898146979451,12.39450624268672,14.487168563939608,14.32538826698949,10.860277022249484,11.560872761171629,11.807463487133894,12.160607139448263
99_Y,11.480060191479838,9.35104828348138,9.285054550189784,12.669483572742813,13.265030795290302,10.981782095816692,12.830492586023343,14.830207179941892,15.800405975796952
114_H,14.828390371176503,12.366057213194512,11.148228065481971,14.012352871662912,13.494584876905254,10.991503491333662,11.70908651432724,13.538926914641356,13.708568488357932
116_Y,18.90116509636377,15.805058051142996,14.960975703476022,16.866009190084057,15.77166896685319,12.229974897766551,11.64236299038988,11.440621530319058,10.388957839937556
118_Y,24.28258011414768,21.02659898794857,20.53130509733855,21.69509578222691,20.38040792035332,16.646784223987524,15.29953479684922,13.314682121627987,11.303977530055516
143_T,25.506411370477032,21.98818539579836,19.33490597339434,19.302778271533867,16.107865501052586,13.665298716091062,10.243471921179852,8.820264848631245,5.497747538765305
147_W,22.76370031431621,19.53267175785228,16.22532662229023,15.923050335912402,12.44817103031606,11.202029905334124,8.18518136634736,8.978900211050348,8.109296455303626
150_A,23.18601192529669,20.20222351623702,16.55361474119777,15.368096206101782,11.679634797372731,11.918691580874135,9.41365917165052,10.869680492084388,11.337805695988967
152_V,18.54281122160284,15.652203487049356,12.05575231995084,11.888748630532987,8.717732388643277,8.485062993284142,7.073473404205316,9.84199476732232,10.787236763879797
156_L,13.245973765639128,10.98304097233549,7.649547764410654,9.193919349222073,8.006290714182194,8.08190627265623,9.355310417083976,12.848919331990531,14.481339302702631
158_A,13.573691207626611,12.673469730109431,9.773093727167462,11.23532095669723,11.061467036519158,12.486392633583169,14.206765254624283,17.85420549898538,19.68915076888792
159_Y,9.94838610026772,9.056510917566431,6.551690926776077,8.832094994960139,9.644269593909115,10.721471260979063,13.217877817562083,16.82394659406644,18.984607738902582
163_T,8.243240988834431,9.300725240539045,8.452453726581414,10.716635012913336,12.827634310347328,14.300351044642229,17.330785037037412,20.878050795033527,23.33780480250873
167_W,6.374709091401739,9.521934992426695,11.126692230847404,13.795900985437669,16.869520621523304,17.72168304648292,21.18237677882253,24.340504945460765,26.88165673837831
171_Y,9.651967778644932,13.092592791345798,15.7951190562148,18.53991299871712,21.863114645447933,22.19556189872201,25.71933307844509,28.49985770139914,30.92687894049446
