A_res,1_I,2_P,3_L,4_T,5_E,6_E,7_A,8_E,9_L
7_Y,9.085388984517945,7.11778940402145,9.035785798700632,12.290207036498613,13.394115312330264,12.560796073497889,15.273180317144169,17.08808277718715,17.20735764142769
9_Y,13.708280782067458,10.580295128208856,11.351087172601575,13.794922616673134,13.159905318808342,10.943672646785448,13.192734667232568,13.580339465565654,13.264129221324708
24_A,12.07486736987202,9.754829829371706,11.84043639398481,13.649900732239775,13.826668362262836,12.718621977242664,15.78725327598186,16.49780476305863,16.98132650884494
45_T,11.791294839838416,11.602885201535004,14.55017883051614,14.337602379756529,15.683128769477088,16.644013308093697,20.35505097021376,21.603493606359137,23.41808753933591
59_Y,9.137303595700429,11.282675835102236,13.794728304682188,12.389144805029924,15.367744954937269,18.126827025158043,21.75247271001621,24.24725347333177,26.76900694833485
62_R,9.839514520544196,10.200186713977349,11.7134351921202,9.387018163399922,11.495552357324984,14.320989456039694,17.839067015962467,20.05506030905916,22.9118523912843
63_N,7.763822383336703,7.556849409641559,9.807461547209858,8.603940608814082,10.626210142849612,12.712946196692569,16.46666784750333,18.54272649854924,20.95423704170591
66_I,10.24122795371727,8.12040423870635,8.489033985089236,6.636129444186575,6.811119584914069,8.587713840132313,12.167373175833808,13.92629275866338,16.67550221132785
67_F,11.277636543176945,8.780380003166151,9.822319278052408,9.314226430573823,9.0240321364676,9.310045058967226,12.8513199322093,13.89263416346951,16.02659901538689
69_T,14.993556416007513,12.164615448093704,11.577278695790303,9.963791547398008,7.91630355658498,8.025767813735957,10.669375520619754,11.080012364614042,13.99463275688219
70_N,14.055860379215495,10.678777645404928,10.060307798472172,9.740506916993589,7.560846315062885,6.1831449926392645,8.981676959232058,9.270659577397934,11.478616684949452
73_T,18.33832754097276,14.754983903752656,13.148831468993736,12.69826700774558,9.370937679869607,6.904502154391726,7.465964170822144,5.888459645781741,8.320192605943687
74_Y,18.91381257176881,15.204524885704256,14.042487600136951,14.535868257520772,11.612745325718636,8.493615307982814,9.031118756831846,7.01376746121512,7.642496843309781
76_E,23.186780371582422,19.50431262567333,17.812764580491148,17.62573164438855,14.136281052667284,11.271296331833351,10.437872292761584,7.155029419925539,8.02086117570925
77_S,22.382847249623985,18.56274613304831,16.7258420714773,17.297841339311674,13.940597870966656,10.45466967436083,9.181728867702422,5.779567544375617,4.947104304540183
80_N,27.037779753522663,23.2034480411856,21.075044246691395,21.58323770892588,18.042377614937564,14.62306072612707,12.436293418860782,8.712103649521163,6.98499348603848
81_L,27.14281654508242,23.307957632534,21.444607900355745,22.58351102021118,19.3487047628517,15.653145211106937,13.727522281897777,10.381469260176996,7.489527087874107
84_Y,31.08609665107538,27.25856052692438,25.0364721356664,26.135091754191336,22.784650556899045,19.17158944897371,16.575952370829253,13.298411521681826,10.314046199237234
95_I,20.853914164971524,17.29996956644722,16.732418175505895,18.78485453763217,16.698425734182255,13.22430478323908,13.46690781137229,11.847119227896714,9.771795433798232
97_R,15.591007985374134,12.295845029927792,11.85232475086639,14.866203348535226,13.858207171203643,10.995999499818105,12.000912381981632,12.408248143875912,11.03088962867456
99_Y,11.501732869441891,9.12190528343723,8.810873112240355,12.573783957106944,13.109299027789396,11.72319333628854,13.256742774905154,15.364336790112356,14.916471600214306
114_D,14.818638871367368,12.183162684623396,10.7149415304051,14.205514774199488,13.9671587661915,12.000074791433592,12.326725437033144,14.214260304356326,13.144416761499915
116_S,18.799981994672223,15.403187851870143,14.07616130200276,16.94061070327749,15.353016934791675,12.04695305876137,11.688259964596952,11.581552098056632,9.144960852841304
118_Y,24.3082917746188,20.78135380575577,19.80718220747212,22.15496515456524,19.96682115410463,16.290843317643194,15.604132882028402,13.77268350758123,10.596662634999758
143_T,24.798107891530755,21.178159787856924,18.241316207993325,19.4929477247542,16.466088211837082,13.201739355100145,9.916199725701372,8.327146510059732,5.5922490109078655
147_W,21.983712721012346,18.74552623961248,15.237017063716902,16.064309540095397,13.400116902475146,11.175263307859908,7.715115358826464,8.45823368085796,8.166761720535257
150_A,22.330051970382875,19.43020694691645,15.681283142651308,15.448792994923584,12.827655943312484,11.79209692972374,8.56534161607113,9.985614302585494,11.301956158117054
152_V,17.901384024706022,15.086558023618243,11.391539404312308,12.214658325143605,10.401409808290415,9.30505459414398,7.096932435919058,9.87649806358509,10.751248764678454
156_L,12.996102838928293,10.920844015001771,7.731844993272952,9.745231090128136,9.99161903797378,9.995776708190316,10.156811458326873,13.607747021458035,14.463155775970884
158_A,13.449267861114224,12.755685516662757,10.12126780596186,11.149773719677006,12.569643033913096,13.886613158002206,14.365252730112338,18.0418924173713,19.353929058462523
159_Y,9.781912031908693,9.061571386906357,6.85609371289512,8.529276815768144,10.559825424693347,11.95416705588474,13.329197612759744,16.996000147093437,18.36001168300282
163_L,7.250958419409119,8.739570527205556,8.529663533809526,9.448278467530477,12.77539103119744,15.013324315420618,17.259147024114487,20.877610974438625,22.55736899551896
167_W,6.360838073713243,9.679467857273972,11.59803961883214,12.8608825902424,16.464877618737408,18.497299370448648,21.35274883943517,24.65432527975568,26.11672496696322
171_Y,9.78431980262297,13.178017035958028,16.125708542572635,17.638476181348548,21.094106191066736,22.74846884957315,25.904420472189685,28.83392203637931,29.99846616078896
