0_C_90_C,1_A_91_A,2_S_92_S,3_S_93_S,4_Y_94_Y,5_V_95_V,6_G_96_G,7_N_97_N,8_T_98_T,9_G_99_G,10_E_100_E,11_L_101_L,12_F_102_F,13_F_103_F
29.545553607945813,26.94331982143255,24.71705949339443,22.513902660356333,20.139382637012485,16.389050125007245,16.894939745379382,20.04987553577328,21.63178813690629,20.174956431179723,23.80205442813708,25.019505470732227,28.094115647231185,30.258623002377355
27.21802085016469,24.49893275226495,21.94056829254885,19.540547587004824,16.87006864242111,13.215473392958728,13.640412970287962,16.836856713769347,18.804244706980388,17.431097670542727,21.14193099033293,22.476370191825904,25.354950778891293,27.7364828520128
25.778458933768714,22.72418240553442,20.03171892274849,17.2138154399308,14.376868295981572,10.8567557308802,10.500797969678306,13.406977511728734,15.34506959906015,14.378013284178037,18.167619271660225,19.94150272672549,22.90498205631256,25.59046089854577
22.1133379208115,19.058473679704782,16.556132579802565,13.91821601355576,11.510489172923974,7.799381001079511,8.183427460422681,11.550192768954116,13.017787292777523,11.345550449405268,15.023136656504194,16.449582061560104,19.48346822308595,21.992134730398504
20.77477677377064,17.420567929892528,14.61173726837435,11.446070985277,8.675079077449384,5.445411279233189,4.553458136405782,7.7692489340991,9.519491057824466,8.307785444990744,12.10930068170743,14.059697080662868,16.964267682396432,19.88477261625086
21.769286299738905,18.53348264628103,15.220597163055066,11.930413446314423,8.400680270073375,6.004449350273515,4.668216897274591,7.377808685510894,10.41172733027522,9.84018348406167,13.443750778707557,15.472046341709296,17.761893874246635,20.907573508181198
21.597548309935547,18.25737352414087,14.763517636390045,11.207587876077524,7.547447913036566,6.9543007556475445,4.360483688766647,5.034328753667165,8.756500728030574,9.19747334869746,12.289297783030566,14.717969730910577,16.53156861885768,20.004581700200585
21.813968919020677,18.80891557214291,15.080174335862296,11.908642701836342,8.316930864207063,8.825431774140007,7.33965183097945,7.513020364673585,11.24396567052746,11.608487283018407,14.069515876532495,16.057291614715105,17.070600165196304,20.468863524876024
25.26984473636512,22.304344106025624,18.58466924645149,15.431430458645108,11.969807099531725,12.559029142413836,10.615274560745002,9.967447516791848,13.66120745029516,14.776306642730452,17.065686801298096,19.340447849002874,20.153274150866903,23.649788180869614
