0_C_104_C,1_A_105_A,2_S_106_S,3_S_107_S,4_A_108_A,5_R_109_R,6_S_110_S,7_G_111_G,8_E_112_E,9_L_113_L,10_F_114_F,11_F_115_F
30.393046540286157,28.602345725482028,27.781143910933547,25.054712351172583,25.988864807836453,24.321096069050835,23.685779087883088,21.70364215978507,24.48285009961054,25.65078269760983,29.431255104055623,31.07949293344407
28.46216330499142,26.47910895404149,25.257192500355224,22.43567117337924,23.17237972241953,21.238361565808223,20.94140398827165,19.196634731118888,22.28792437621772,23.537978396625316,27.27780836137684,29.15337134878229
25.78404394194208,23.50351516263046,22.136837827476626,19.10188234180077,19.60992422218913,17.654507469765335,17.174712486676448,15.504647722537907,18.673462533767005,20.16736881697759,23.89923871172469,26.007207327969684
22.17694455960965,20.01167961466503,18.670658504723395,15.857807950659517,16.7968536339399,15.21879423607534,15.197868830859148,13.062590286769316,16.110100279017512,17.1344648296934,20.82506535403911,22.753491797963672
21.042007152360725,18.55801007651413,16.596580310413344,13.598607281629985,14.064634406908697,12.038212035015832,12.55291440263973,10.952970008175864,14.398915445268786,15.620775076800763,19.113554195910293,21.403090945001377
17.813988969346536,15.0720577228194,13.070407568243615,9.906847026173365,10.461982842654637,8.923907272041772,9.422856148748105,7.363248060468965,10.702134646882367,11.877383887035055,15.33939444697867,17.748132915887236
15.883170716201477,13.111809753043245,10.482950968119615,7.611703685772327,8.216936046970305,6.865074362306647,8.819001133915338,7.181700425386736,10.17399867308818,10.764049934852586,13.692218848674605,16.11449003226599
18.223131070153677,15.305739479032042,12.058345865001554,9.280528702611726,8.509321712099032,5.891790390025774,8.735045105779365,8.767575092350226,11.914159433212236,12.974761385089131,15.334965112448092,18.12012044661956
21.341381117444108,18.479176686205477,15.50580887925554,12.482721217747354,11.700668100582972,8.638023500778404,10.417883710235968,10.5101191715413,14.16120874078198,15.679405951757223,18.461732340167863,21.276653613761724
23.069017447650435,20.47136451241099,17.259469313973707,14.759901795066256,14.002044993500055,10.99426314038372,13.465237205485836,13.858616850176643,17.29803442591094,18.453394511579702,20.881019587175334,23.540537568203494
26.6067901483813,23.901640132007675,20.54484181005052,17.973354361387305,16.671771651507225,13.29787539421242,15.520019168802596,16.6028075637827,20.11773329677079,21.63488111823127,23.9244552080084,26.789742831912367
