0_Y_92_Y,1_F_93_F,2_C_94_C,3_A_95_A,4_S_96_S,5_S_97_S,6_L_98_L,7_S_99_S,8_F_100_F,9_G_101_G,10_T_102_T,11_E_103_E,12_A_104_A,13_F_105_F,14_F_106_F
32.644454980899894,30.403518053014857,29.01690696817977,26.44995716442657,24.62528872927179,21.965000819485528,21.678382896332465,18.210606387487484,15.627057080589426,14.559545631646618,17.587137402090192,20.770520600119784,22.70969033254307,26.378250453735564,28.704058406434445
31.18188183865752,28.748222936383392,26.964881568440084,24.278213402143084,22.08496604027274,19.33006614060076,18.630671727020463,15.056870491572935,12.81793981106168,12.410389719908071,15.339046710926976,18.842376124045504,20.707072052803603,24.24341157923117,26.74286512324361
29.420294763989016,26.663797347714752,24.771833460606015,21.77423020453307,19.36104578787004,16.285933009809415,15.381480617937925,12.031935089585549,10.229434099694862,9.53268157445742,11.96037996888058,15.56155599546524,17.745932998859207,21.171497112863804,23.9504754023798
26.199662058889224,23.26169600437595,21.324377810384053,18.179825549218013,15.72904008514188,12.563170220927514,11.86685880930585,8.683684816942627,6.902140682425993,5.9081734910207215,8.178885315249252,11.829026883053402,13.996385747756454,17.378945480091712,20.225695636986128
27.52513551283626,24.276528952879573,22.065954454770363,18.623841172003168,15.706538861251396,12.129087228641737,10.450846616423,7.915697631921021,7.93264627977323,7.379740578096226,7.839135539075718,11.521800293356945,14.13074750322856,17.033706026581545,20.317806402266957
27.9738834629731,24.81999196212602,22.185693340529163,18.938940334664984,15.69723217640614,12.405315070565518,10.067792111481046,7.143752655292595,7.822622450303993,8.983730516884398,9.689398381736606,13.424281321545678,15.371444629572071,18.01294973067988,21.1781733867678
27.0536086502337,23.813227794652285,20.827183246901157,17.63186660566601,14.077385375132703,11.020171005932708,7.924141530790572,5.791614714395287,8.09938917449952,10.19595503128569,10.01531696952223,13.3056518066572,14.749809659788836,16.77081706417431,19.932540254568654
27.95368957758528,24.852710797818418,21.538026046970973,18.68203174175657,15.034064420508518,12.63511855900054,9.31270814532486,7.885127329346052,10.499715091372718,13.299576572207098,13.099308913068656,16.02730251789115,16.857759607966894,18.36986796359735,21.272934752873184
31.31464178303817,28.13865421444317,24.772544984316816,21.87719024463609,18.164820780838998,15.707758401503378,12.088656252867812,11.236541905764428,14.026671950252494,16.515813815855395,15.963206726720044,18.80155645152816,19.90601376468931,21.139310064427374,24.18681157159827
