0_C_91_C,1_A_92_A,2_I_93_I,3_S_94_S,4_E_95_E,5_V_96_V,6_G_97_G,7_V_98_V,8_G_99_G,9_Q_100_Q,10_P_101_P,11_Q_102_Q,12_H_103_H,13_F_104_F
28.98052846309053,26.151501410052926,24.866410637645316,21.81126580462491,21.538951019025973,19.68169276256491,16.285234938434265,13.047691366674792,13.619260258912744,17.29667323504725,19.771251503129488,22.13483485368707,25.87431224206742,28.283410862199776
27.37846639240409,24.38300691055145,22.64663626236797,19.377497258418067,18.618516885079757,16.48840580529239,12.999372484854796,10.13765505430126,11.52114534236939,14.97077569800576,17.944610277183507,20.35028908885571,24.00356902629273,26.63018606769393
25.67484173271571,22.390973449137935,20.41411781096602,16.91966211246548,15.88153799227266,14.18998534178242,10.492634225970145,7.685698797116625,8.850798946987778,11.93381862607271,15.04878858911906,17.82750049782638,21.33674234741564,24.27036365611361
22.30584024420511,18.91234974824652,17.044543672389707,13.582196692729788,12.918083604002568,11.926525437024816,8.433612393274904,5.159457045077513,5.156470207419025,8.27179363862518,11.202863785657666,14.076495622135502,17.575602663920233,20.548781594050784
22.94199433353605,19.304104589439007,16.944249821104506,13.24409642066985,11.71549371558877,11.133664895262475,7.676575343211323,5.950721300817236,6.259896644514188,7.601914298385636,10.83821544351283,14.09695655097227,17.126304154720597,20.51082489808736
22.65209195637348,19.114600231236857,16.267613346769707,12.507764548471476,10.188488651414396,8.653084190044607,5.113497726605538,5.082192637041612,7.413831937668939,8.194117951311169,11.970970720873057,14.63592122143324,17.475547487847123,20.79869144922344
21.26495504345119,17.760693483082242,14.478781336839091,10.845495055551869,7.682870296965842,6.334807100456966,4.161715751946548,6.612222697399114,8.877618655923445,8.046220106360503,11.64265936115972,13.795062486266598,16.023436866040942,19.372731273622733
21.964383214650034,18.751006213000945,15.182123237544872,11.980836030928725,8.36666928950822,6.284951392015692,5.930297210089895,9.338081922964694,12.0720719845435,10.988082498780214,14.334149224840656,15.790281251453376,17.555278465464454,20.645373186261374
25.249011287573225,22.071410398975413,18.414660599641795,15.372358081959968,11.59804664587964,9.94652607697783,9.658518830545397,12.83209706166533,15.491307788563237,14.281359249035086,17.506605296287454,19.102493737729635,20.53128045203221,23.69506288238122
