0_C_92_C,1_A_93_A,2_S_94_S,3_S_95_S,4_L_96_L,5_W_97_W,6_E_98_E,7_K_99_K,8_L_100_L,9_A_101_A,10_K_102_K,11_N_103_N,12_I_104_I,13_Q_105_Q,14_Y_106_Y,15_F_107_F
30.39400450746825,28.504579526805863,27.253887979515877,25.30282958485078,23.77966696570833,20.476850221652747,22.36505463887804,24.020868135852204,20.995577296183114,19.400911860013174,22.539345287740726,22.26656983012876,25.331184654492567,26.249759027465373,29.7735503593374,31.43340240890254
28.34312772084267,26.220493683376752,24.6001260362625,22.45051772231545,20.618001261034014,17.25986506320371,19.22983718079797,21.181112411769124,18.38285073104822,16.826719169226067,20.253571265334912,20.2208650902972,23.00568879646945,23.86378729372184,27.30719289857528,29.23195323614213
26.6243069581163,24.1319862630493,22.31345927909879,19.817618979080205,17.766200325336875,14.207554187825574,15.807639735267248,17.883986943632003,15.309070677216171,13.395357777976669,16.851798509357984,17.20519348917646,19.968066180779747,21.14415063321296,24.651416145933688,26.87397320829207
22.87002015740257,20.431499749161837,18.794469026817435,16.49650147758609,14.866581685108384,11.553774145273914,13.572487060225916,15.10563947669876,12.152273449852911,10.860298936953807,14.31502937475156,14.088573313149912,16.759895882731488,17.658297398107212,21.15658599585481,23.211662693568503
20.044306398576133,17.695914019908667,16.181892689052166,14.137863629275818,12.918682827595084,10.003806575499148,12.492319720532292,13.526557174684177,10.300251793038846,9.860986766039188,13.22818305739681,12.416740192176045,14.827954444224597,15.313819183991956,18.725668532792096,20.60817677525113
20.80889535751478,18.248882595928997,16.041964031875896,13.666900050852792,11.622476027077882,8.509350210209943,11.23649896542513,13.127146453056731,10.631843208023716,10.16407226459946,13.921596819330748,13.772732408639907,15.563167479661717,15.92046987371918,19.05155408359119,21.329128463207308
22.52492142050667,19.624252877498293,16.867696137884387,14.00291705324287,11.086972896151591,7.732313366645196,9.841536567020414,12.665072719885975,11.183419378705244,10.202063418740348,14.01347526490128,14.778467072061297,16.147020684943705,16.79617265926973,19.71350460978464,22.47129462225085
21.69826813365528,18.519672729289795,15.344554864837232,12.17911667568712,8.702734570237109,5.714452992194442,7.345712422903582,10.608427498927444,10.223488641359172,9.579135399398009,13.030814249309213,14.239203278273685,14.820818128564966,15.444755517650645,17.96639321065862,21.070999810165635
22.70647260144121,19.74490172171034,16.28431705660388,13.479203722772354,9.965257297230217,8.198282076142538,9.933766506215052,13.07281140382588,13.168581320704217,13.108122253015496,16.33056661601183,17.421869187891406,17.435424342412777,17.514873365228766,19.46521977784993,22.509571053220892
26.208034512339918,23.15163257742313,19.58634016349149,16.65317525278588,12.965799551126803,11.239227286606493,12.000697563058573,15.495243818669003,16.12259944922034,15.510900876480386,18.54768893959568,20.207614926061904,20.19270157755024,20.59932100822743,22.424937235140707,25.664663761678234
