0_C_93_C,1_A_94_A,2_S_95_S,3_S_96_S,4_I_97_I,5_F_98_F,6_G_99_G,7_Q_100_Q,8_R_101_R,9_E_102_E,10_Q_103_Q,11_Y_104_Y,12_F_105_F
29.445107522303267,27.365122345788983,25.34402379260247,23.38670015200948,22.58160023116165,18.78578212372325,17.76512068633366,17.811822309915406,21.0653746465616,24.39745343268433,25.30374829941209,28.67295956123121,30.543099875421944
27.32940990947299,25.07781334167714,22.715158881240523,20.612462953271745,19.441144873695063,15.662884121387098,15.172115145885233,15.512856893557682,18.951938053930004,22.24168808791276,23.04043408879269,26.238375654754243,28.307907216889067
24.40911290891171,21.88549298051108,19.37689980363216,17.038526520799852,15.840851902596643,12.088707871397997,11.662186801796649,11.81382427497548,15.250339045411415,18.553018730115053,19.46776551122393,22.68230199957667,24.93953467889888
21.117245416957207,18.814005687253307,16.681820374287692,14.801334703329967,14.357841411577157,10.57424924048984,9.158019764119317,9.834674015949894,13.45870811036483,16.40805134682361,16.87175921473514,20.10318206155433,21.99918278027618
19.034239280832853,16.386575328603595,13.763961421044456,11.539939947850684,10.664787902251032,6.849013797620794,6.19511105630884,7.331623831048619,11.09192485549736,13.872089676757431,14.244364008266574,17.25768396975678,19.48476004471187
19.552467056614624,16.891275677106208,13.756289797761603,11.47705715765152,9.603442299509064,6.07967474458955,7.40877776694645,9.203480048329546,12.700457550812889,15.117655142250072,15.194002928787402,17.643246441627458,20.055195760700016
19.687974426029715,16.749864148702812,13.178504619265418,10.514254419596282,7.602766141346185,5.196114317449147,8.260830769359702,9.771543685621015,12.554337696589178,14.597543012438772,14.761143722625294,16.71483275417376,19.51174384825713
21.091745636622875,18.37103148982114,14.690187643457792,12.42238604294682,9.136985826846836,8.040859468987135,11.449955371092068,13.227568068242933,15.652434634905848,17.21928921297276,17.04211022731634,18.327469574384786,21.06098309671227
24.4146435566854,21.577319805759004,17.816895380508914,15.31651713020946,11.695345569926522,11.159191413359665,14.755266991823632,15.954090415940357,17.978317107004205,19.61618507763423,19.82886524741141,20.94723611839996,23.91837939744245
