0_C_91_C,1_A_92_A,2_S_93_S,3_S_94_S,4_D_95_D,5_T_96_T,6_V_97_V,7_S_98_S,8_Y_99_Y,9_E_100_E,10_Q_101_Q,11_Y_102_Y,12_F_103_F
29.132809013207087,26.62253560425828,26.1044473222476,23.33040310410431,22.83636499095248,19.612989216333137,20.146378409034217,19.93031785998407,18.78222023617016,21.582570606857747,23.37186933045793,27.222490775092567,29.33956195992026
26.93914465976973,24.26536502919336,23.35055181360817,20.39137668231353,19.54246105279476,16.153402675597484,16.71031181636058,16.878048761631185,15.909887837442472,19.03515720975269,20.94972653759471,24.784091954316175,27.100902826289754
24.546241708253422,21.590286913332115,20.493766296120388,17.316773775735477,16.394284522357175,13.079415468590328,13.292659854220298,13.220502675768422,12.465354307038364,15.601178000394713,17.81057744712394,21.6096391686673,24.17406124340716
20.758194791455256,17.884500216668066,16.92971039327017,13.967929374105529,13.51136410581848,10.564082638828609,11.541780668510386,11.205624569830992,9.585783379567888,12.69087569870574,14.452055839914264,18.276193531476952,20.642689408117345
19.412953561990516,16.161310992614432,14.67884276773888,11.287047178070978,10.36464784737041,7.407164707227728,7.828459618596755,7.453476303041421,6.381874802908624,9.821358816375664,12.12355999696459,15.804735334702698,18.609338381576062
22.00954617887429,18.776928502819622,16.71584200691069,13.144978470883856,11.128346507904938,7.435511145845992,7.328577283484158,8.588402296120043,8.794457970790468,12.485689648553658,14.948924710493396,18.379370663872034,21.353683757141297
21.70147667786688,18.340565776442123,15.728493220903268,12.018270341442651,9.195198149034097,5.649334385571454,4.4310845173614135,6.957378313704094,8.336773116740073,11.84607112084002,14.465477005615822,17.423391661786173,20.64367314699591
22.33703592690848,19.190971236495564,16.10555621516997,12.671531320246975,9.165488366693834,6.066631767298882,5.431058092121648,9.089063593132137,10.588910331096397,13.867181436759235,16.05269207952361,18.53004854283981,21.64025921748628
24.99805948468801,21.823333040578383,18.514226988994167,15.177982935818584,11.438026446900707,9.135391890882405,7.479045126217652,11.060962028684486,13.357909791580417,16.211250075179272,18.58064936970719,20.628892238799445,23.88362658810425
