0_C_91_C,1_A_92_A,2_S_93_S,3_S_94_S,4_D_95_D,5_P_96_P,6_G_97_G,7_T_98_T,8_E_99_E,9_A_100_A,10_F_101_F,11_F_102_F
67.41104445118766,70.69852966646476,73.02720195242318,76.54000395218176,79.99997730624678,82.3187566050411,83.71019781364753,81.68679906202715,78.81459835588835,75.72957050584665,72.38760944388204,69.03425093386616
65.95173791493292,69.22797211387895,71.68423872093503,75.18652180411061,78.71100722897656,80.97495792527465,82.23401745020124,80.1969329775148,77.22301972857576,74.1683523141778,70.86625239844422,67.48823599709804
64.99380078899833,68.16758395307846,70.62555935353716,74.0541452182118,77.6058636057869,79.94752485224292,81.0658118382836,78.90089372117403,75.85446938051837,72.90974194166374,69.56279846297157,66.25641888149404
61.2967618149605,64.48717044498076,66.98038490483613,70.42318358324907,73.98693492772897,76.29010635724661,77.40544340677857,75.2740021255679,72.22291034706369,69.25393965688885,65.9323949663593,62.59951556521824
60.12315118987028,63.19383621841611,65.59311468439351,68.95318616278729,72.50161623026068,74.93611086785862,75.9792006867669,73.70690944545159,70.64634469666494,67.78653265951873,64.38316387068905,61.15644977432879
58.16175336937496,61.17214858086971,63.66505597264484,66.97851878027761,70.57470293242473,72.97982750048125,73.86866801966853,71.55336764960822,68.39813448479424,65.60696225249269,62.23534552004993,59.02553770191339
57.82332616686799,60.85373467586028,63.51236183610243,66.83169997837854,70.48431504952005,72.75913451931655,73.53467952605764,71.27899328694255,68.03245251348801,65.2400377529014,61.96894669106455,58.7048967378361
61.19166969449355,64.22411881061507,66.95248538329253,70.26466785661198,73.93830620862232,76.15978493273205,76.87166458455287,74.63154934074463,71.33738477124038,68.56439568026542,65.33986124105253,62.06584453626648
59.60820749695465,62.600192379896086,65.44683868606641,68.72109555296684,72.43099575458008,74.55991114533332,75.13177757114495,72.91147601029621,69.5372231614119,66.81084371567238,63.67307134103082,60.39832167370216
63.03738683511556,65.9843419759567,68.86144480041062,72.09464300487242,75.81428238795114,77.93227017096319,78.41420505877745,76.16377951493742,72.74388406594743,70.08072154308915,66.96692989827143,63.7263813894999
